Name,Sub Area,Ground,Club ID,Team Name,Adult male 11v11 (16-45),Adult female 11v11 (16-45),Youth male 11v11 (12-15),Youth female 11v11 (12-15),Youth male 9v9 (10-11),Youth female 9v9 (10-11),MS 7v7 (8-9),MS 5v5 (6-7),Team ID,Day Plays On,Adult male/female football sat am,Adult male/female football sat pm,Adult male/female football sun am,Adult male/female football sun pm,Adult male/female football mw,Youth male/female football 11v11 sat am,Youth male/female football 11v11 sat pm,Youth male/female football 11v11 sun am,Youth male/female football 11v11 sun pm,Youth male/female football 11v11 mw,Youth male/female football 9v9 sat am,Youth male/female football 9v9 sat pm,Youth male/female football 9v9 sun am,Youth male/female football 9v9 sun pm,Youth male/female football 9v9 mw,Minisoccer 7v7 sat am,Minisoccer 7v7 sat pm,Minisoccer 7v7 sun am,Minisoccer 7v7 sun pm,Minisoccer 7v7 mw,Minisoccer 5v5 sat am,Minisoccer 5v5 sat pm,Minisoccer 5v5 sun am,Minisoccer 5v5 sun pm,Minisoccer 5v5 mw
AFC Plympton Ladies,,,218936,1st,,1,,,,,,,11217915,Sunday,,,,1,,,,,,,,,,,,,,,,,,,,,
Edgecumbe  F.C.,,,80836,1st,1,,,,,,,,11024550,Saturday,,1,,,,,,,,,,,,,,,,,,,,,,,
Ocean City Powerchair F.C.,,,238765,First,1,,,,,,,,11698063,Saturday,,1,,,,,,,,,,,,,,,,,,,,,,,
SB Frankfort F.C.,,,80922,U15,,,1,,,,,,11635564,Saturday,,,,,,1,,,,,,,,,,,,,,,,,,,
Signal Box F.C.,,,228872,U13,,,1,,,,,,11660036,Saturday,,,,,,1,,,,,,,,,,,,,,,,,,,
Ivybridge Community College - PAFITC F.C.,,,230316,second,1,,,,,,,,11466317,Wednesday,,,,,1,,,,,,,,,,,,,,,,,,,,
Ivybridge Community College - PAFITC F.C.,,,230316,Thirds,1,,,,,,,,11467870,Wednesday,,,,,1,,,,,,,,,,,,,,,,,,,,
Plymouth Guild Disability F.C.,,,234026,First,1,,,,,,,,11464314,Tuesday,,,,,1,,,,,,,,,,,,,,,,,,,,
Ivybridge Community College - PAFITC F.C.,,,230316,First,1,,,,,,,,11466316,Wednesday,,,,,1,,,,,,,,,,,,,,,,,,,,
Ivybridge Community College - PAFITC F.C.,,,230316,Women,,1,,,,,,,11467871,Wednesday,,,,,1,,,,,,,,,,,,,,,,,,,,
HMS Raleigh F.C.,,,81190,1st,1,,,,,,,,11024985,Wednesday,,,,,1,,,,,,,,,,,,,,,,,,,,
Devon and Cornwall Police F.C.,,,80635,1st,1,,,,,,,,11022893,Saturday,,1,,,,,,,,,,,,,,,,,,,,,,,
SB Frankfort F.C.,,,80922,U14,,,1,,,,,,11651902,Saturday,,,,,,1,,,,,,,,,,,,,,,,,,,
Argyle Legends F.C.,,,222779,First,1,,,,,,,,11272293,Sunday,,,1,,,,,,,,,,,,,,,,,,,,,,
Horrabridge Rangers Juniors SA F.C.,,,115414,U11,,,,,1,,,,11633096,Saturday,,,,,,,,,,,1,,,,,,,,,,,,,,
Plymouth Parkway Youth F.C.,,,232072,U16,,,1,,,,,,11645394,Saturday,,,,,,1,,,,,,,,,,,,,,,,,,,
Plymouth Parkway Youth F.C.,,,232072,U18,1,,,,,,,,11596957,Sunday,,,,1,,,,,,,,,,,,,,,,,,,,,
Plymouth University Students Union F.C.,,Staddiscombe Playing Field,81354,1st,1,,,,,,,,11282964,Wednesday,,,,,1,,,,,,,,,,,,,,,,,,,,
University of Plymouth F.C.,,Staddiscombe Playing Field,80758,1st,1,,,,,,,,11024463,Saturday,,1,,,,,,,,,,,,,,,,,,,,,,,
University of Plymouth F.C.,,Staddiscombe Playing Field,80758,2nd,1,,,,,,,,11113040,Saturday,,1,,,,,,,,,,,,,,,,,,,,,,,
Plymouth Trophyman Youth F.C.,Devonport,Devonport Park,80478,U14,,,1,,,,,,11659292,Sunday,,,,,,,,,,,,,,,,,,,,,,,,,
Friary Mill Youth F.C.,Efford,Higher Efford,207704,U18,1,,,,,,,,11644449,Sunday,,,,1,,,,,,,,,,,,,,,,,,,,,
Maritime Social Club F.C.,Stonehouse,Victoria Park,235473,1st,1,,,,,,,,11471792,Sunday,,,1,,,,,,,,,,,,,,,,,,,,,,
AFC Plympton Youth,Woodford,Heles School,80475,U9,,,,,,,1,,11616560,Saturday,,,,,,,,,,,,,,,,1,,,,,,,,,
AFC Plympton Youth,Woodford,Heles School,80475,U16,,,1,,,,,,11657712,Saturday,,,,,,1,,,,,,,,,,,,,,,,,,,
Kitto All Saints Youth F.C.,Honicknowle,Knowle Battery,81075,U15,,,1,,,,,,11656093,Saturday,,,,,,1,,,,,,,,,,,,,,,,,,,
Kitto All Saints Youth F.C.,Honicknowle,Knowle Battery,81075,U9,,,,,,,1,,11668006,Saturday,,,,,,,,,,,,,,,,1,,,,,,,,,
Tamerton Foliot Youth F.C.,Southway,Becton Dickinson,80604,U16,,,1,,,,,,11639706,Saturday,,,,,,1,,,,,,,,,,,,,,,,,,,
Keyham Kolts Youth F.C.,Keyham,Northdown Playing Field,127427,U8,,,,,,,,1,11615196,Saturday,,,,,,,,,,,,,,,,,,,,,1,,,,
Plymouth Rangers F.C.,East End,Tothill (Enclosure),80617,1st,1,,,,,,,,11022856,Saturday,,1,,,,,,,,,,,,,,,,,,,,,,,
AFC Plympton Youth,Woodford,Heles School,80475,U15,,,1,,,,,,11649803,Saturday,,,,,,1,,,,,,,,,,,,,,,,,,,
Plymouth Trophyman Youth F.C.,Devonport,Brickfields,80478,U11,,,,,1,,,,11658372,Saturday,,,,,,,,,,,1,,,,,,,,,,,,,,
Melbourne Inn F.C.,Devonport,Brickfields,228430,1st,1,,,,,,,,11373387,Sunday,,,1,,,,,,,,,,,,,,,,,,,,,,
Plympton Youth F.C,Ham & Pennycross,Treveneague Gardens,,,,,,2,,1,,,,,,,,,,,,,,,,,,,,,,,,,,,,,
29 Commando F.C.,City Centre,Milbay Park,82087,1st,1,,,,,,,,11381677,Wednesday,,,,,1,,,,,,,,,,,,,,,,,,,,
Keyham Kolts Seniors F.C.,Honicknowle,Chaucer Way,230506,First,1,,,,,,,,11401133,Sunday,,,1,,,,,,,,,,,,,,,,,,,,,,
Team Carpy F.C.,Plymstock & Radford,Plymstock Community College,235393,1st,1,,,,,,,,11469251,Sunday,,,1,,,,,,,,,,,,,,,,,,,,,,
The Revenue F.C.,Whitleigh,Aylesbury Crescent,236765,1st,1,,,,,,,,11516525,Sunday,,,1,,,,,,,,,,,,,,,,,,,,,,
The Navy Inn Reserves F.C.,,Staddiscombe Playing Field,228352,1st,1,,,,,,,,11370469,Sunday,,,1,,,,,,,,,,,,,,,,,,,,,,
Railway Beacon Youth F.C.,Devonport,Devonport Park,80632,U13,,,1,,,,,,11663493,Saturday,,,,,,1,,,,,,,,,,,,,,,,,,,
Nova Homes F.C.,Stonehouse,Victoria Park,232069,1st,1,,,,,,,,11440632,Saturday,,1,,,,,,,,,,,,,,,,,,,,,,,
Friary Mill Youth F.C.,Efford,Higher Efford,207704,U15 Juniors,,,1,,,,,,11648023,Saturday,,,,,,1,,,,,,,,,,,,,,,,,,,
Plymouth Argyle Youth F.C.,Elburton & Dunstone,Elburton Villa,146636,U11,,,,,1,,,,11646480,Sunday,,,,,,,,,,,,,,,,,,,,,,,,,
Keyham Vaults F.C.,Stonehouse,Victoria Park,227875,1st,1,,,,,,,,11360856,Sunday,,,1,,,,,,,,,,,,,,,,,,,,,,
Elburton Villa Junior F.C.,Elburton & Dunstone,Elburton Villa,80498,U8,,,,,,,,1,11586227,Saturday,,,,,,,,,,,,,,,,,,,,,1,,,,
Friary Vaults F.C.,Stonehouse,Victoria Park,224513,1st,1,,,,,,,,11305660,Sunday,,,1,,,,,,,,,,,,,,,,,,,,,,
Plymouth Kolts Junior F.C.,East End,Tothill Park,80545,U11,,,,,1,,,,11698183,Saturday,,,,,,,,,,,1,,,,,,,,,,,,,,
AFC Plympton Youth,Woodford,Heles School,80475,U7,,,,,,,,1,11629174,Saturday,,,,,,,,,,,,,,,,,,,,,1,,,,
Efford United Bluebird  F.C.,City Centre,Milbay Park,115305,1st,1,,,,,,,,11109513,Saturday,,1,,,,,,,,,,,,,,,,,,,,,,,
Elburton Villa F.C.,Elburton & Dunstone,Elburton Villa,80653,2nd,1,,,,,,,,11109463,Saturday,,1,,,,,,,,,,,,,,,,,,,,,,,
Keyham Kolts Youth F.C.,Devonport,Devonport Park,127427,U18,1,,,,,,,,11584774,Saturday,,,,1,,,,,,,,,,,,,,,,,,,,,
Plymouth Falcons  F.C.,Honicknowle,Chaucer Way,115721,1st,1,,,,,,,,11355562,Saturday,,1,,,,,,,,,,,,,,,,,,,,,,,
Hooe Rovers Youth F.C.,Goosewell,Coombe Dean School,80975,U8,,,,,,,,1,11698207,Saturday,,,,,,,,,,,,,,,,,,,,,1,,,,
29 Commando F.C.,City Centre,Milbay Park,82087,1st,1,,,,,,,,11381677,Wednesday,,,,,1,,,,,,,,,,,,,,,,,,,,
The Southway F.C.,Whitleigh,Aylesbury Crescent,236477,1st,1,,,,,,,,11508198,Sunday,,,1,,,,,,,,,,,,,,,,,,,,,,
Elburton Villa Junior F.C.,,Staddiscombe Playing Field,80498,U10,,,,,,,1,,11600707,Saturday,,,,,,,,,,,,,,,,1,,,,,,,,,
AFC Plympton Youth,Woodford,Heles School,80475,U14,,,1,,,,,,11620061,Saturday,,,,,,1,,,,,,,,,,,,,,,,,,,
Hyde Park F.C.,Devonport,Brickfields,208946,1st,1,,,,,,,,11175983,Sunday,,,1,,,,,,,,,,,,,,,,,,,,,,
HM Naval Base F.C.,Keyham,Wyvern Centre,80774,1st,1,,,,,,,,11024478,Wednesday,,,,,1,,,,,,,,,,,,,,,,,,,,
AFC Plympton Youth,Woodford,Heles School,80475,U8,,,,,,,,1,11627271,Saturday,,,,,,,,,,,,,,,,,,,,,1,,,,
Railway Beacon Youth F.C.,Devonport,Brickfields,80632,U12,,,,,1,,,,11673429,Saturday,,,,,,,,,,,1,,,,,,,,,,,,,,
Millbridge F.C.,Devonport,Brickfields,81276,2nd,1,,,,,,,,11442052,Saturday,,1,,,,,,,,,,,,,,,,,,,,,,,
Railway Beacon Youth F.C.,Devonport,Brickfields,80632,U11,,,,,1,,,,11674199,Saturday,,,,,,,,,,,1,,,,,,,,,,,,,,
Star Garage F.C.,Stonehouse,Victoria Park,220424,1st,1,,,,,,,,11245665,Saturday,,1,,,,,,,,,,,,,,,,,,,,,,,
City College Plymouth F.C.,Devonport,Brickfields,232143,1st,1,,,,,,,,11442056,Wednesday,,,,,1,,,,,,,,,,,,,,,,,,,,
Steam Packet F.C.,City Centre,Milbay Park,226300,1st,1,,,,,,,,11327638,Saturday,,1,,,,,,,,,,,,,,,,,,,,,,,
Hooe Rovers Youth F.C.,Goosewell,Coombe Dean School,80975,U13,,,1,,,,,,11679234,Saturday,,,,,,1,,,,,,,,,,,,,,,,,,,
Hooe Rovers F.C.,,Staddiscombe Playing Field,83183,1st,1,,,,,,,,11696773,Saturday,,1,,,,,,,,,,,,,,,,,,,,,,,
Millbridge F.C.,Stonehouse,Victoria Park,81276,1st,1,,,,,,,,11026570,Saturday,,1,,,,,,,,,,,,,,,,,,,,,,,
The Windmill F.C.,Mount Gould,Tothill Park,219683,1st,1,,,,,,,,11233194,Sunday,,,1,,,,,,,,,,,,,,,,,,,,,,
Sporting Plymouth F.C.,Stonehouse,Victoria Park,232070,1st,1,,,,,,,,11440644,Saturday,,1,,,,,,,,,,,,,,,,,,,,,,,
Plymouth Hope F.C.,East End,Tothill Park,221574,1st,1,,,,,,,,11260587,Saturday,,1,,,,,,,,,,,,,,,,,,,,,,,
AFC Plympton Youth,Woodford,Heles School,80475,U10,,,,,,,1,,11677716,Saturday,,,,,,,,,,,,,,,,1,,,,,,,,,
AFC Plympton Girls,Ham & Pennycross,Treveneague Gardens,222861,U15,,,,1,,,,,11633762,Saturday,,,,,,1,,,,,1,,,,,,,,,,,,,,
Belgrave F.C.,,Staddiscombe Playing Field,232068,1st,1,,,,,,,,11440588,Saturday,,1,,,,,,,,,,,,,,,,,,,,,,,
Plymouth Trophyman Youth F.C.,Devonport,Brickfields,80478,U8,,,,,,,,1,11698210,Saturday,,,,,,,,,,,,,,,,,,,,,1,,,,
Barne Barton Rangers  F.C.,,Staddiscombe Playing Field,235986,1st,1,,,,,,,,11490538,Saturday,,1,,,,,,,,,,,,,,,,,,,,,,,
Kitto FC,Honicknowle,Chaucer Way,237818,1st,1,,,,,,,,11611405,Saturday,,1,,,,,,,,,,,,,,,,,,,,,,,
Saltram F.C.,Mount Gould,Tothill Park,80882,1st,1,,,,,,,,11024818,Sunday,,,1,,,,,,,,,,,,,,,,,,,,,,
Plymouth Kolts Junior F.C.,Barne Barton,Bull Point,80545,U15,,,1,,,,,,11653618,Saturday,,,,,,1,,,,,,,,,,,,,,,,,,,
Plymouth Trophyman Youth F.C.,Devonport,Brickfields,80478,U12,,,,,1,,,,11656125,Saturday,,,,,,,,,,,1,,,,,,,,,,,,,,
The Navy Inn F.C.,City Centre,Milbay Park,127605,1st,1,,,,,,,,11340727,Sunday,,,1,,,,,,,,,,,,,,,,,,,,,,
Woolwell Junior F.C.,,Plymouth Argaum,81456,U13,,,1,,,,,,11668071,Saturday,,,,,,1,,,,,,,,,,,,,,,,,,,
Railway Beacon Youth F.C.,Devonport,Devonport Park,80632,U14,,,1,,,,,,11634217,Saturday,,,,,,1,,,,,,,,,,,,,,,,,,,
Plymouth Kolts Junior F.C.,Barne Barton,Bull Point,80545,U13,,,1,,,,,,11679663,Saturday,,,,,,1,,,,,,,,,,,,,,,,,,,
Keyham Kolts Youth F.C.,Devonport,Devonport Park,127427,U14,,,1,,,,,,11572304,Saturday,,,,,,1,,,,,,,,,,,,,,,,,,,
Friary Mill Youth F.C.,Efford,Higher Efford,207704,U15,,,1,,,,,,11672835,Saturday,,,,,,1,,,,,,,,,,,,,,,,,,,
Friary Vaults F.C.,Stonehouse,Victoria Park,224513,2nd,1,,,,,,,,11441843,Sunday,,,1,,,,,,,,,,,,,,,,,,,,,,
Woolwell Junior F.C.,,Plymouth Argaum,81456,U15,,,1,,,,,,11656220,Saturday,,,,,,1,,,,,,,,,,,,,,,,,,,
Windmill FC,Stonehouse,Victoria Park,81355,1st,1,,,,,,,,11026667,Saturday,,1,,,,,,,,,,,,,,,,,,,,,,,
Woolwell Junior F.C.,,Plymouth Argaum,81456,U7,,,,,,,,1,11667424,Saturday,,,,,,,,,,,,,,,,,,,,,1,,,,
Bar Sol Ona Sunday F.C.,East End,Tothill Park,220313,1st,1,,,,,,,,11243821,Sunday,,,1,,,,,,,,,,,,,,,,,,,,,,
Friary Mill Youth F.C.,Efford,Higher Efford,207704,U13,,,1,,,,,,11636620,Saturday,,,,,,1,,,,,,,,,,,,,,,,,,,
Bar Sol Ona Sunday F.C.,East End,Tothill Park,220313,2nd,1,,,,,,,,11450780,Sunday,,,1,,,,,,,,,,,,,,,,,,,,,,
Elburton Villa F.C.,Elburton & Dunstone,Elburton Villa,80653,1st,1,,,,,,,,11024347,Saturday,,1,,,,,,,,,,,,,,,,,,,,,,,
Seymour Arms F.C.,East End,Tothill Park,82760,1st,1,,,,,,,,11032888,Sunday,,,1,,,,,,,,,,,,,,,,,,,,,,
Hooe Rovers Youth F.C.,Goosewell,Coombe Dean School,80975,U9,,,,,,,1,,11622350,Saturday,,,,,,,,,,,,,,,,1,,,,,,,,,
Railway Beacon Youth F.C.,Devonport,Brickfields,80632,U16,,,1,,,,,,11673025,Saturday,,,,,,1,,,,,,,,,,,,,,,,,,,
Hooe Rovers Youth F.C.,Goosewell,Coombe Dean School,80975,U13 Girls,,,,1,,,,,11664057,Sunday,,,,,,1,,,,,,,,,,,,,,,,,,,
Hooe Rovers Youth F.C.,Goosewell,Coombe Dean School,80975,U16,,,1,,,,,,11618883,Saturday,,,,,,1,,,,,,,,,,,,,,,,,,,
Nova Homes F.C.,Stonehouse,Victoria Park,232069,2nd,1,,,,,,,,11482560,Saturday,,1,,,,,,,,,,,,,,,,,,,,,,,
South West Association Portugal F.C.,Devonport,Brickfields,238813,Eagles,1,,,,,,,,11698102,Saturday,,1,,,,,,,,,,,,,,,,,,,,,,,
Hooe Rovers Youth F.C.,Goosewell,Coombe Dean School,80975,U14,,,1,,,,,,11470171,Saturday,,,,,,1,,,,,,,,,,,,,,,,,,,
Tamerton Foliot Youth F.C.,Southway,Bond Street,80604,U12,,,,,1,,,,11665845,Saturday,,,,,,,,,,,1,,,,,,,,,,,,,,
Barnes United F.C.,Honicknowle,West Park Recreation Ground,80780,1st,1,,,,,,,,11024486,Sunday,,,1,,,,,,,,,,,,,,,,,,,,,,
Lakeside Athletic F.C.,Ernesettle,Lakeside,80399,1st,1,,,,,,,,11469456,Sunday,,,1,,,,,,,,,,,,,,,,,,,,,,
Plymstock United Colts F.C.,Plymstock & Radford,Deans Cross/Forresters Field,81373,U18Colts,1,,,,,,,,11632138,Sunday,,,,1,,,,,,,,,,,,,,,,,,,,,
Plymouth Argyle Youth F.C.,Elburton & Dunstone,Elburton Villa,146636,U18,1,,,,,,,,11621316,Saturday,,,,1,,,,,,,,,,,,,,,,,,,,,
Devonport Boys F.C.,Stoke,Devonport High School for Boys,140592,1st,1,,,,,,,,10947704,Wednesday,,,,,1,,,,,,,,,,,,,,,,,,,,
AC Plymouth Youth F.C.,Higher Compton & Mannamead,Collins Park,211984,U10 Colts,,,,,,,1,,11646912,Saturday,,,,,,,,,,,,,,,,1,,,,,,,,,
Railway Beacon Youth F.C.,Higher Compton & Mannamead,Collins Park,80632,U10,,,,,,,1,,11661963,Saturday,,,,,,,,,,,,,,,,1,,,,,,,,,
Staddiscombe Colts F.C.,Turnchapel Hooe & Oreston,Jennycliffe,147527,1st,1,,,,,,,,11699088,Saturday,,1,,,,,,,,,,,,,,,,,,,,,,,
University of St Mark & St John F.C.,Estover Glenholt & Derriford East,Marjons,224521,1st,1,,,,,,,,11305777,Wednesday,,,,,1,,,,,,,,,,,,,,,,,,,,
Plymouth Marjon F.C.,Estover Glenholt & Derriford East,Marjons,220537,1st,1,,,,,,,,11247258,Saturday,,1,,,,,,,,,,,,,,,,,,,,,,,
Chaddlewood Miners Youth F.C.,Colebrook Newnham & Ridgeway,Peacock Meadow,80497,U9,,,,,,,1,,11620385,Saturday,,,,,,,,,,,,,,,,1,,,,,,,,,
Belliver FC,Widewell,Widewell School,230699,U10,,,,,,,1,,11615058,Saturday,,,,,,,,,,,,,,,,1,,,,,,,,,
Keyham Kolts Youth F.C.,Keyham,Northdown Playing Field,127427,U13 Girls,,,,1,,,,,11626038,Saturday,,,,,,1,,,,,1,,,,,,,,,,,,,,
Chaddlewood Miners Youth F.C.,Leigham & Mainstone,Hoskins Park,80497,U16,,,1,,,,,,11620471,Saturday,,,,,,1,,,,,,,,,,,,,,,,,,,
Chaddlewood Miners Youth F.C.,Colebrook Newnham & Ridgeway,Peacock Meadow,80497,U7,,,,,,,,1,11642765,Saturday,,,,,,,,,,,,,,,,,,,,,1,,,,
Railway Beacon Youth F.C.,Higher Compton & Mannamead,Collins Park,80632,U9,,,,,,,1,,11659428,Saturday,,,,,,,,,,,,,,,,1,,,,,,,,,
Sporting Lipson Youth F.C.,Lipson & Laira,Lipson Community College,229754,U9,,,,,,,1,,11529151,Saturday,,,,,,,,,,,,,,,,1,,,,,,,,,
Vospers Oak Villa F.C.,North Prospect & Weston Mill,Weston Mill Oak Villa,80822,1st,1,,,,,,,,11024535,Saturday,,1,,,,,,,,,,,,,,,,,,,,,,,
Plymouth Marjon Youth F.C.,Estover Glenholt & Derriford East,Marjons,224394,U11a,,,,,1,,,,11646653,Saturday,,,,,,,,,,,1,,,,,,,,,,,,,,
Morley Rangers F.C.,Plymstock & Radford,Plymstock Community College,146782,2nd,1,,,,,,,,11171377,Saturday,,1,,,,,,,,,,,,,,,,,,,,,,,
Marine Academy Plymouth Junior F.C.,St Budeaux & Kings Tamerton,Marine Academy,80629,U14,,,1,,,,,,11630684,Saturday,,,,,,1,,,,,,,,,,,,,,,,,,,
Keyham Kolts Youth F.C.,Ham & Pennycross,Mayflower Community School,127427,U12,,,,,1,,,,11543681,Saturday,,,,,,,,,,,1,,,,,,,,,,,,,,
Tamerton Foliot Youth F.C.,Whitleigh,Sir. John Hunt School,80604,U13,,,1,,,,,,11662924,Saturday,,,,,,1,,,,,,,,,,,,,,,,,,,
Marjon F.C.,Estover Glenholt & Derriford East,Marjons,80730,1st,1,,,,,,,,11188955,Wednesday,,,,,1,,,,,,,,,,,,,,,,,,,,
Marjon Ladies F.C.,Estover Glenholt & Derriford East,Marjons,219282,First,,1,,,,,,,11224576,Wednesday,,,,,1,,,,,,,,,,,,,,,,,,,,
Staddiscombe Colts Youth F.C.,Turnchapel Hooe & Oreston,Jennycliffe,147528,U13,,,1,,,,,,11606820,Saturday,,,,,,1,,,,,,,,,,,,,,,,,,,
Tamerton Foliot Youth F.C.,Tamerton Foliot,Mary Deane CofE PS,80604,U10,,,,,,,1,,11686888,Saturday,,,,,,,,,,,,,,,,1,,,,,,,,,
Chaddlewood Miners Youth F.C.,Leigham & Mainstone,Hoskins Park,80497,U11,,,,,1,,,,11663161,Saturday,,,,,,,,,,,1,,,,,,,,,,,,,,
Marine Academy Plymouth Junior F.C.,St Budeaux & Kings Tamerton,Marine Academy,80629,U15,,,1,,,,,,11677749,Saturday,,,,,,1,,,,,,,,,,,,,,,,,,,
Plymstock United Youth F.C.,Plymstock & Radford,Pomphlett Primary School,146843,U11 Girls,,,,,,1,,,11615283,Saturday,,,,,,,,,,,1,,,,,,,,,,,,,,
Plymouth Argyle Ladies F.C.,North Prospect & Weston Mill,Weston Mill Oak Villa,146640,1st,,1,,,,,,,11004020,Sunday,,,,1,,,,,,,,,,,,,,,,,,,,,
Elburton Villa Junior F.C.,Elburton & Dunstone,Elburton Villa,80498,U14,,,1,,,,,,11601225,Saturday,,,,,,1,,,,,,,,,,,,,,,,,,,
Elburton Villa Junior F.C.,Elburton & Dunstone,Elburton Villa,80498,U16,,,1,,,,,,11601226,Saturday,,,,,,1,,,,,,,,,,,,,,,,,,,
Hooe Rovers Youth F.C.,Plymstock & Radford,Pomphlett Primary School,80975,U12,,,,,1,,,,11669064,Saturday,,,,,,,,,,,1,,,,,,,,,,,,,,
Elburton Villa Junior F.C.,Elburton & Dunstone,Elburton Villa,80498,U9,,,,,,,1,,11601113,Saturday,,,,,,,,,,,,,,,,1,,,,,,,,,
Kitto All Saints Youth F.C.,Ham & Pennycross,All Saints Academy,81075,U8,,,,,,,,1,11633269,Saturday,,,,,,,,,,,,,,,,,,,,,1,,,,
YMCA All Saints F.C.,Ham & Pennycross,All Saints Academy,149030,U14,,,1,,,,,,11550421,Saturday,,,,,,1,,,,,,,,,,,,,,,,,,,
YMCA All Saints F.C.,Ham & Pennycross,All Saints Academy,149030,U16,,,1,,,,,,11570314,Saturday,,,,,,1,,,,,,,,,,,,,,,,,,,
Elburton Villa Junior F.C.,Elburton & Dunstone,Elburton Villa,80498,U15,,,1,,,,,,11590916,Saturday,,,,,,1,,,,,,,,,,,,,,,,,,,
Elburton Villa Junior F.C.,Elburton & Dunstone,Elburton Villa,80498,U12,,,,,1,,,,11601112,Saturday,,,,,,,,,,,1,,,,,,,,,,,,,,
YMCA All Saints F.C.,Ham & Pennycross,All Saints Academy,149030,U13,,,1,,,,,,11615526,Saturday,,,,,,1,,,,,,,,,,,,,,,,,,,
Marine Academy Plymouth Junior F.C.,St Budeaux & Kings Tamerton,Marine Academy,80629,U10,,,,,,,1,,11668989,Saturday,,,,,,,,,,,,,,,,1,,,,,,,,,
Marine Academy Plymouth Junior F.C.,St Budeaux & Kings Tamerton,Marine Academy,80629,U12,,,,,1,,,,11658945,Saturday,,,,,,,,,,,1,,,,,,,,,,,,,,
Marine Academy Plymouth Junior F.C.,St Budeaux & Kings Tamerton,Marine Academy,80629,U16,,,1,,,,,,11625474,Saturday,,,,,,1,,,,,,,,,,,,,,,,,,,
Hooe Rovers Youth F.C.,Goosewell,Coombe Dean School,80975,U15,,,1,,,,,,11627009,Saturday,,,,,,1,,,,,,,,,,,,,,,,,,,
Mayflower Football Coaching Club F.C.,Honicknowle,Knowle Battery,80970,U18,1,,,,,,,,11636389,Saturday,,,,1,,,,,,,,,,,,,,,,,,,,,
Hooe Rovers Youth F.C.,Goosewell,Coombe Dean School,80975,U18 ,1,,,,,,,,11582973,Saturday,,,,1,,,,,,,,,,,,,,,,,,,,,
SB Frankfort F.C.,East End,Tothill (Enclosure),80922,U18,1,,,,,,,,11646163,Sunday,,,,1,,,,,,,,,,,,,,,,,,,,,
Keyham Kolts Youth F.C.,Keyham,Northdown Playing Field,127427,U10,,,,,,,1,,11615194,Saturday,,,,,,,,,,,,,,,,1,,,,,,,,,
Keyham Kolts Youth F.C.,Keyham,Northdown Playing Field,127427,U9,,,,,,,1,,11615195,Saturday,,,,,,,,,,,,,,,,1,,,,,,,,,
Hooe Rovers Youth F.C.,Goosewell,Coombe Dean School,80975,U9a,,,,,,,1,,11641509,Saturday,,,,,,,,,,,,,,,,1,,,,,,,,,
University of Plymouth Dukes F.C.,,Staddiscombe Playing Field,226024,1st,1,,,,,,,,11324285,Wednesday,,,,,1,,,,,,,,,,,,,,,,,,,,
University of Plymouth Ladies F.C.,,Staddiscombe Playing Field,80658,2nd,,1,,,,,,,11260891,Wednesday,,,,,1,,,,,,,,,,,,,,,,,,,,
Plymouth University Intramural Sunday Football League F.C.,,Staddiscombe Playing Field,233842,Education Society,1,,,,,,,,11461389,Sunday,,,1,,,,,,,,,,,,,,,,,,,,,,
University of Plymouth Dukes F.C.,,Staddiscombe Playing Field,226024,2nd,1,,,,,,,,11324286,Wednesday,,,,,1,,,,,,,,,,,,,,,,,,,,
Plymouth University Intramural Sunday Football League F.C.,,Staddiscombe Playing Field,233842,UPFC Rangers ,1,,,,,,,,11461388,Sunday,,,1,,,,,,,,,,,,,,,,,,,,,,
Plymouth University Intramural Sunday Football League F.C.,,Staddiscombe Playing Field,233842,Christian Union,1,,,,,,,,11461394,Sunday,,,1,,,,,,,,,,,,,,,,,,,,,,
Plymouth University Intramural Sunday Football League F.C.,,Staddiscombe Playing Field,233842,Dentsoc,1,,,,,,,,11461391,Sunday,,,1,,,,,,,,,,,,,,,,,,,,,,
University of Plymouth Midweek F.C.,,Staddiscombe Playing Field,148242,5th,1,,,,,,,,11026513,Wednesday,,,,,1,,,,,,,,,,,,,,,,,,,,
University of Plymouth Ladies F.C.,,Staddiscombe Playing Field,80658,1st,,1,,,,,,,11199827,Sunday,,,,1,,,,,,,,,,,,,,,,,,,,,
University of Plymouth Midweek F.C.,,Staddiscombe Playing Field,148242,4th,1,,,,,,,,11026510,Wednesday,,,,,1,,,,,,,,,,,,,,,,,,,,
University of Plymouth Midweek F.C.,,Staddiscombe Playing Field,148242,3rd,1,,,,,,,,11260887,Wednesday,,,,,1,,,,,,,,,,,,,,,,,,,,
University of Plymouth Midweek F.C.,,Staddiscombe Playing Field,148242,1st,1,,,,,,,,11260883,Wednesday,,,,,1,,,,,,,,,,,,,,,,,,,,
Plymouth University Intramural Sunday Football League F.C.,,Staddiscombe Playing Field,233842,Geogsoc ,1,,,,,,,,11461365,Sunday,,,1,,,,,,,,,,,,,,,,,,,,,,
University of Plymouth Midweek F.C.,,Staddiscombe Playing Field,148242,2nd,1,,,,,,,,11260886,Wednesday,,,,,1,,,,,,,,,,,,,,,,,,,,
AFC Plympton Girls,Ham & Pennycross,Treveneague Gardens,222861,U13,,,,1,,,,,11635406,Saturday,,,,,,1,,,,,1,,,,,,,,,,,,,,
AC Plymouth Youth F.C.,Higher Compton & Mannamead,Collins Park,211984,U9,,,,,,,1,,11658685,Saturday,,,,,,,,,,,,,,,,1,,,,,,,,,
Keyham Kolts Youth F.C.,Devonport,Devonport Park,127427,U13,,,1,,,,,,11591802,Saturday,,,,,,1,,,,,,,,,,,,,,,,,,,
Keyham Kolts Disability F.C.,Keyham,Northdown Playing Field,238806,U16,,,,,,,,,11698061,Sunday,,,,,,,,,,,,,,,,,,,,,,,,,
Plymouth Marjon Youth F.C.,Leigham & Mainstone,Leigham Primary School,224394,U10,,,,,,,1,,11630030,Saturday,,,,,,,,,,,,,,,,1,,,,,,,,,
SB Frankfort F.C.,East End,Tothill (Enclosure),80922,U8,,,,,,,,1,11697418,Saturday,,,,,,,,,,,,,,,,,,,,,1,,,,
Morley Rangers Women F.C.,Plymstock & Radford,Plymstock Community College,235530,1st,,1,,,,,,,11473455,Sunday,,,,1,,,,,,,,,,,,,,,,,,,,,
Plymouth Kolts Junior F.C.,Southway,Beechwood Primary |School,80545,U9,,,,,,,1,,11678773,Saturday,,,,,,,,,,,,,,,,1,,,,,,,,,
Elburton Villa Junior F.C.,Elburton & Dunstone,Elburton Villa,80498,U18,,1,,,,,,,11631233,Saturday,1,,,,,,,,,,,,,,,,,,,,,,,,
Kitto All Saints Youth F.C.,Honicknowle,Knowle Battery,81075,U14,,,1,,,,,,11617930,Saturday,,,,,,1,,,,,,,,,,,,,,,,,,,
Plymouth Argyle Youth F.C.,Elburton & Dunstone,Elburton Villa,146636,U16,,,1,,,,,,11630578,Saturday,,,,,,1,,,,,,,,,,,,,,,,,,,
Kitto All Saints Youth F.C.,Honicknowle,Knowle Battery,81075,U7,,,,,,,,1,11655780,Saturday,,,,,,,,,,,,,,,,,,,,,1,,,,
Hideaway Cafe F.C.,Turnchapel Hooe & Oreston,Jennycliffe,227858,1st,1,,,,,,,,11360573,Saturday,,1,,,,,,,,,,,,,,,,,,,,,,,
Plymouth Parkway F.C.,Manadon & Widey,Plymouth Parkway FC,82678,2nd,1,,,,,,,,11113653,Saturday,,1,,,,,,,,,,,,,,,,,,,,,,,
AC Plymouth Youth F.C.,Higher Compton & Mannamead,Collins Park,211984,U8,,,,,,,,1,11677585,Saturday,,,,,,,,,,,,,,,,,,,,,1,,,,
Keyham Kolts Juniors F.C.,Keyham,Northdown Playing Field,230092,U11 Girls,,,,,,1,,,11697981,Saturday,,,,,,,,,,,1,,,,,,,,,,,,,,
Plymouth Trophyman Youth F.C.,Higher Compton & Mannamead,Collins Park,80478,U9,,,,,,,1,,11632654,Saturday,,,,,,,,,,,,,,,,1,,,,,,,,,
Chaddlewood Miners Youth F.C.,Leigham & Mainstone,Hoskins Park,80497,U15,,,1,,,,,,11620964,Saturday,,,,,,1,,,,,,,,,,,,,,,,,,,
SB Frankfort F.C.,Eggbuckland,Eggbuckland Community School,80922,U13,,,1,,,,,,11680376,Saturday,,,,,,1,,,,,,,,,,,,,,,,,,,
YMCA Discovery College F.C.,Manadon & Widey,Sheridan Road Playing Field,228046,1st,1,,,,,,,,11364723,Wednesday,,,,,1,,,,,,,,,,,,,,,,,,,,
Mayflower Football Coaching Club F.C.,Honicknowle,Knowle Battery,80970,U16,,,1,,,,,,11624509,Saturday,,,,,,1,,,,,,,,,,,,,,,,,,,
Activate Youth F.C.,Eggbuckland,Eggbuckland Community School,80971,U11,,,,,1,,,,11631407,Saturday,,,,,,,,,,,1,,,,,,,,,,,,,,
Plymouth Marjon Youth F.C.,Leigham & Mainstone,Leigham Primary School,224394,U10a,,,,,,,1,,11684657,Saturday,,,,,,,,,,,,,,,,1,,,,,,,,,
SB Frankfort F.C.,Ham & Pennycross,Treveneague Gardens,80922,U13 Girls,,,,1,,,,,11686431,Saturday,,,,,,1,,,,,1,,,,,,,,,,,,,,
Keyham Kolts Youth F.C.,Keyham,Northdown Playing Field,127427,U11,,,,,1,,,,11597468,Saturday,,,,,,,,,,,1,,,,,,,,,,,,,,
Keyham Kolts Youth F.C.,Keyham,Northdown Playing Field,127427,U11 Girls,,,,,,1,,,11646237,Saturday,,,,,,,,,,,1,,,,,,,,,,,,,,
Tamerton Foliot Youth F.C.,Southway,Becton Dickinson,80604,U12b,,,,,1,,,,11686887,Saturday,,,,,,,,,,,1,,,,,,,,,,,,,,
Kitto All Saints Youth F.C.,Honicknowle,Knowle Battery,81075,U11 Girls,,,,,,1,,,11697982,Saturday,,,,,,,,,,,1,,,,,,,,,,,,,,
South West Football Academy F.C.,Southway,Becton Dickinson,236639,U9-U5,,,,,,,,,11668399,Saturday,,,,,,,,,,,,,,,,,,,,,,,,,
SB Frankfort F.C.,Eggbuckland,Eggbuckland Community School,80922,U12,,,,,1,,,,11673548,Saturday,,,,,,,,,,,1,,,,,,,,,,,,,,
Tamerton Foliot Youth F.C.,Whitleigh,Sir. John Hunt School,80604,U11a,,,,,1,,,,11667925,Saturday,,,,,,,,,,,1,,,,,,,,,,,,,,
Kitto All Saints Youth F.C.,Honicknowle,Knowle Battery,81075,U12,,,,,1,,,,11652267,Saturday,,,,,,,,,,,1,,,,,,,,,,,,,,
Kitto All Saints Youth F.C.,Honicknowle,Knowle Battery,81075,U11,,,,,1,,,,11630857,Saturday,,,,,,,,,,,1,,,,,,,,,,,,,,
Tamerton Foliot Youth F.C.,Southway,Becton Dickinson,80604,U15,,,1,,,,,,11677288,Saturday,,,,,,1,,,,,,,,,,,,,,,,,,,
Belliver FC,Widewell,Widewell School,230699,U11,,,,,1,,,,11698182,Saturday,,,,,,,,,,,1,,,,,,,,,,,,,,
Plymouth Kolts Junior F.C.,Southway,Beechwood Primary |School,80545,U10,,,,,,,1,,11675682,Saturday,,,,,,,,,,,,,,,,1,,,,,,,,,
Elburton Villa Junior F.C.,Elburton & Dunstone,Elburton Villa,80498,U13,,,1,,,,,,11586226,Saturday,,,,,,1,,,,,,,,,,,,,,,,,,,
Sporting Lipson Youth F.C.,Lipson & Laira,Lipson Community College,229754,U16,,,1,,,,,,11556745,Saturday,,,,,,1,,,,,,,,,,,,,,,,,,,
Sporting Lipson Youth F.C.,Lipson & Laira,Lipson Community College,229754,U10,,,,,,,1,,11573035,Saturday,,,,,,,,,,,,,,,,1,,,,,,,,,
Sporting Lipson Youth F.C.,Lipson & Laira,Lipson Community College,229754,U14,,,1,,,,,,11570743,Saturday,,,,,,1,,,,,,,,,,,,,,,,,,,
Sporting Lipson Youth F.C.,Lipson & Laira,Lipson Community College,229754,U12,,,,,1,,,,11638240,Saturday,,,,,,,,,,,1,,,,,,,,,,,,,,
Sporting Lipson Youth F.C.,Lipson & Laira,Lipson Community College,229754,U11,,,,,1,,,,11615633,Saturday,,,,,,,,,,,1,,,,,,,,,,,,,,
Morley Rangers Juniors F.C.,Plymstock & Radford,Plymstock Community College,80501,U13,,,1,,,,,,11696780,Saturday,,,,,,1,,,,,,,,,,,,,,,,,,,
Plymstock United Colts F.C.,Plymstock & Radford,Deans Cross/Forresters Field,81373,U9a,,,,,,,1,,11650765,Saturday,,,,,,,,,,,,,,,,1,,,,,,,,,
Plymstock United Colts F.C.,Plymstock & Radford,Deans Cross/Forresters Field,81373,U9,,,,,,,1,,11631708,Saturday,,,,,,,,,,,,,,,,1,,,,,,,,,
Goals Soccer Schools F.C.,Plymstock & Radford,Plymstock Community College,238619,U8b,,,,,,,,1,11693909,Sunday,,,,,,,,,,,,,,,,,,,,,,,1,,
Plymstock United Colts F.C.,Plymstock & Radford,Deans Cross/Forresters Field,81373,U11b,,,,,1,,,,11615281,Saturday,,,,,,,,,,,1,,,,,,,,,,,,,,
Plymstock United Colts F.C.,Plymstock & Radford,Deans Cross/Forresters Field,81373,U16 Colts,,,1,,,,,,11648245,Saturday,,,,,,1,,,,,,,,,,,,,,,,,,,
Morley Rangers Juniors F.C.,Plymstock & Radford,Plymstock Community College,80501,U15,,,1,,,,,,11696778,Saturday,,,,,,1,,,,,,,,,,,,,,,,,,,
Plymstock United Colts F.C.,Plymstock & Radford,Deans Cross/Forresters Field,81373,U12,,,,,1,,,,11652569,Saturday,,,,,,,,,,,1,,,,,,,,,,,,,,
Morley Rangers Juniors F.C.,Plymstock & Radford,Plymstock Community College,80501,U8,,,,,,,,1,11696782,Saturday,,,,,,,,,,,,,,,,,,,,,1,,,,
Plymstock United Colts F.C.,Plymstock & Radford,Deans Cross/Forresters Field,81373,U13,,,1,,,,,,11652138,Saturday,,,,,,1,,,,,,,,,,,,,,,,,,,
Plymstock United Colts F.C.,Plymstock & Radford,Deans Cross/Forresters Field,81373,U15 Colts,,,1,,,,,,11664926,Saturday,,,,,,1,,,,,,,,,,,,,,,,,,,
Plymstock United Colts F.C.,Plymstock & Radford,Deans Cross/Forresters Field,81373,U12a,,,,,1,,,,11556754,Saturday,,,,,,,,,,,1,,,,,,,,,,,,,,
Plymstock United Colts F.C.,Plymstock & Radford,Deans Cross/Forresters Field,81373,U14 Colts,,,1,,,,,,11654532,Saturday,,,,,,1,,,,,,,,,,,,,,,,,,,
Plymstock United Colts F.C.,Plymstock & Radford,Deans Cross/Forresters Field,81373,U11c,,,,,1,,,,11674821,Saturday,,,,,,,,,,,1,,,,,,,,,,,,,,
Plymstock United Colts F.C.,Plymstock & Radford,Deans Cross/Forresters Field,81373,U10b,,,,,,,1,,11615280,Sunday,,,,,,,,,,,,,,,,,,1,,,,,,,
Plymstock United Colts F.C.,Plymstock & Radford,Deans Cross/Forresters Field,81373,U10,,,,,,,1,,11645515,Saturday,,,,,,,,,,,,,,,,1,,,,,,,,,
Plymstock United Colts F.C.,Plymstock & Radford,Deans Cross/Forresters Field,81373,U10a,,,,,,,1,,11615279,Sunday,,,,,,,,,,,,,,,,,,1,,,,,,,
Elburton Villa Junior F.C.,Elburton & Dunstone,Elburton Villa,80498,U11,,,,,1,,,,11605913,Sunday,,,,,,,,,,,,,,,,,,,,,,,,,
YMCA All Saints F.C.,Ham & Pennycross,All Saints Academy,149030,U11,,,,,1,,,,11558097,Saturday,,,,,,,,,,,1,,,,,,,,,,,,,,
YMCA All Saints F.C.,Ham & Pennycross,All Saints Academy,149030,U15,,,1,,,,,,11558096,Saturday,,,,,,1,,,,,,,,,,,,,,,,,,,
YMCA All Saints F.C.,Ham & Pennycross,All Saints Academy,149030,U11a,,,,,1,,,,11529209,Saturday,,,,,,,,,,,1,,,,,,,,,,,,,,
Keyham Kolts Juniors F.C.,Ham & Pennycross,Mayflower Community School,230092,U14,,,1,,,,,,11675598,Saturday,,,,,,1,,,,,,,,,,,,,,,,,,,
Marine Academy Plymouth Junior F.C.,St Budeaux & Kings Tamerton,Marine Academy,80629,U18,1,,,,,,,,11634510,Sunday,,,,1,,,,,,,,,,,,,,,,,,,,,
Old Suttonians Youth F.C.,Honicknowle,Knowle Battery,83043,U18,1,,,,,,,,11635149,Saturday,,,,1,,,,,,,,,,,,,,,,,,,,,
Lakeside Athletic Youth F.C.,Ernesettle,Parkway Sports and Social Club Optimus Park,227064,U18,1,,,,,,,,11649316,Sunday,,,,1,,,,,,,,,,,,,,,,,,,,,
Chaddlewood Miners Youth F.C.,Leigham & Mainstone,Hoskins Park,80497,U12,,,,,1,,,,11664708,Saturday,,,,,,,,,,,1,,,,,,,,,,,,,,
Friary Mill Youth F.C.,Higher Compton & Mannamead,Collins Park,207704,U9,,,,,,,1,,11632891,Sunday,,,,,,,,,,,,,,,,,,1,,,,,,,
Morley Rangers Juniors F.C.,Plymstock & Radford,Plymstock Community College,80501,U18,1,,,,,,,,11696776,Sunday,,,,1,,,,,,,,,,,,,,,,,,,,,
Plymouth Marjon Youth F.C.,Leigham & Mainstone,Leigham Primary School,224394,U9a,,,,,,,1,,11654128,Saturday,,,,,,,,,,,,,,,,1,,,,,,,,,
Plymstock United Youth F.C.,Plymstock & Radford,Deans Cross/Forresters Field,146843,U18,1,,,,,,,,11626348,Sunday,,,,1,,,,,,,,,,,,,,,,,,,,,
Keyham Kolts Youth F.C.,Peverell & Hartley,"Central Park Playing Fields (including Sports Plateau, Tip Site, Cottage Field, Barn Park Road sites",127427,U16,,,1,,,,,,11570363,Saturday,,,,,,1,,,,,,,,,,,,,,,,,,,
Keyham Kolts Youth F.C.,Keyham,Northdown Playing Field,127427,U9a,,,,,,,1,,11615197,Saturday,,,,,,,,,,,,,,,,1,,,,,,,,,
AC Plymouth Youth F.C.,Higher Compton & Mannamead,Collins Park,211984,U10 Youth,,,,,1,,,,11658130,Saturday,,,,,,,,,,,1,,,,,,,,,,,,,,
Plymouth Kolts Junior F.C.,Mount Gould,Tothill Park,80545,U12,,,,,1,,,,11655335,Saturday,,,,,,,,,,,1,,,,,,,,,,,,,,
Sporting Lipson Youth F.C.,Lipson & Laira,Lipson Community College,229754,U18,1,,,,,,,,11599537,Sunday,,,,1,,,,,,,,,,,,,,,,,,,,,
Tamerton Foliot Youth F.C.,Southway,Becton Dickinson,80604,U18,1,,,,,,,,11681625,Sunday,,,,1,,,,,,,,,,,,,,,,,,,,,
Goals Soccer Schools F.C.,Plymstock & Radford,Plymstock Community College,238619,U9,,,,,,,1,,11693899,Sunday,,,,,,,,,,,,,,,,,,1,,,,,,,
Kitto All Saints Youth F.C.,Honicknowle,Knowle Battery,81075,U13,,,1,,,,,,11627272,Saturday,,,,,,1,,,,,,,,,,,,,,,,,,,
AFC Plympton Girls,Ham & Pennycross,Treveneague Gardens,222861,U11,,,,,,1,,,11637882,Saturday,,,,,,,,,,,1,,,,,,,,,,,,,,
Keyham Kolts Youth F.C.,Peverell & Hartley,"Central Park Playing Fields (including Sports Plateau, Tip Site, Cottage Field, Barn Park Road sites",127427,U15,,,1,,,,,,11542630,Saturday,,,,,,1,,,,,,,,,,,,,,,,,,,
Kitto All Saints Youth F.C.,Honicknowle,Knowle Battery,81075,U10,,,,,,,1,,11685312,Saturday,,,,,,,,,,,,,,,,1,,,,,,,,,
Lipson F.C.,Lipson & Laira,Lipson Community College,227744,1st,1,,,,,,,,11357793,Wednesday,,,,,1,,,,,,,,,,,,,,,,,,,,
Bar Sol Ona  F.C.,Peverell & Hartley,"Central Park Playing Fields (including Sports Plateau, Tip Site, Cottage Field, Barn Park Road sites",235850,1st,1,,,,,,,,11486668,Saturday,,1,,,,,,,,,,,,,,,,,,,,,,,
Valentis F.C.,Plympton St Maurice & Yealmpstone,Plympton St. Mary's Recreation Ground,236624,1st,1,,,,,,,,11513053,Sunday,,,1,,,,,,,,,,,,,,,,,,,,,,
Marjon F.C.,Estover Glenholt & Derriford East,Marjons,80730,2nd,1,,,,,,,,11188957,Wednesday,,,,,1,,,,,,,,,,,,,,,,,,,,
Chaddlewood Miners Youth F.C.,Leigham & Mainstone,Hoskins Park,80497,U13,,,1,,,,,,11626981,Saturday,,,,,,1,,,,,,,,,,,,,,,,,,,
Goals Soccer Schools F.C.,Plymstock & Radford,Plymstock Community College,238619,U13,,,1,,,,,,11693913,Sunday,,,,,,,,,,,,,,,,,,,,,,,,,
Friary Mill Youth F.C.,Higher Compton & Mannamead,Collins Park,207704,U11,,,,,1,,,,11622234,Saturday,,,,,,,,,,,1,,,,,,,,,,,,,,
Marjon F.C.,Estover Glenholt & Derriford East,Marjons,80730,3rds,1,,,,,,,,11609401,Wednesday,,,,,1,,,,,,,,,,,,,,,,,,,,
Keyham Kolts Disability F.C.,Keyham,Northdown Playing Field,238806,U12,,,,,,,,,11698062,Sunday,,,,,,,,,,,,,,,,,,,,,,,,,
Tamerton Foliot Youth F.C.,Whitleigh,Sir. John Hunt School,80604,U11,,,,,1,,,,11638336,Saturday,,,,,,,,,,,1,,,,,,,,,,,,,,
Plymouth Trophyman Youth F.C.,Higher Compton & Mannamead,Collins Park,80478,U10,,,,,,,1,,11640789,Saturday,,,,,,,,,,,,,,,,1,,,,,,,,,
Weston Mill Oak Villa Junior F.C.,North Prospect & Weston Mill,Weston Mill Oak Villa,80505,U18,1,,,,,,,,11582404,Sunday,,,,1,,,,,,,,,,,,,,,,,,,,,
AFC Plympton Youth F.C.,Plympton St Maurice & Yealmpstone,Plympton St. Mary's Recreation Ground,80475,U18,1,1,,,,,,,11643024,Sunday,,,,1,,,,,,,,,,,,,,,,,,,,,
Keyham Kolts Juniors F.C.,Keyham,Northdown Playing Field,230092,U14 Girls,,,,1,,,,,11697980,Saturday,,,,,,1,,,,,1,,,,,,,,,,,,,,
Keyham Kolts Youth F.C.,Keyham,Northdown Playing Field,127427,U14 Girls,,,,1,,,,,11626839,Saturday,,,,,,1,,,,,1,,,,,,,,,,,,,,
Morley Rangers Juniors F.C.,Plymstock & Radford,Plymstock Community College,80501,U16,,,1,,,,,,11696777,Sunday,,,,,,,,,,,,,,,,,,,,,,,,,
Plymstock United F.C.,Plymstock & Radford,Deans Cross/Forresters Field,80409,2nd,1,,,,,,,,11113672,Saturday,,1,,,,,,,,,,,,,,,,,,,,,,,
Plymstock United F.C.,Plymstock & Radford,Deans Cross/Forresters Field,80409,1st,1,,,,,,,,11022590,Saturday,,1,,,,,,,,,,,,,,,,,,,,,,,
Goals Soccer Schools F.C.,Plymstock & Radford,Plymstock Community College,238619,U10,,,,,,,1,,11693898,Sunday,,,,,,,,,,,,,,,,,,1,,,,,,,
Goals Soccer Schools F.C.,Plymstock & Radford,Plymstock Community College,238619,U8a,,,,,,,,1,11693902,Sunday,,,,,,,,,,,,,,,,,,,,,,,1,,
Plymstock United Ladies F.C.,Plymstock & Radford,Deans Cross/Forresters Field,147288,1st,,1,,,,,,,11034097,Sunday,,,,1,,,,,,,,,,,,,,,,,,,,,
Goals Soccer Schools F.C.,Plymstock & Radford,Plymstock Community College,238619,U7,,,,,,,,1,11693904,Sunday,,,,,,,,,,,,,,,,,,,,,,,1,,
Goals Soccer Schools F.C.,Plymstock & Radford,Plymstock Community College,238619,U7b,,,,,,,,1,11693911,Sunday,,,,,,,,,,,,,,,,,,,,,,,1,,
Morley Rangers F.C.,Plymstock & Radford,Plymstock Community College,146782,1st,1,,,,,,,,11006313,Saturday,,1,,,,,,,,,,,,,,,,,,,,,,,
Plympton Athletic F.C.,East End,Tothill (Enclosure),238814,1st,1,,,,,,,,11698111,Saturday,,1,,,,,,,,,,,,,,,,,,,,,,,
Keyham Kolts Juniors F.C.,Keyham,Northdown Playing Field,230092,U10,,,,,,,1,,11620827,Saturday,,,,,,,,,,,,,,,,1,,,,,,,,,
Keyham Kolts Juniors F.C.,Keyham,Northdown Playing Field,230092,U12,,,,,1,,,,11645792,Saturday,,,,,,,,,,,1,,,,,,,,,,,,,,
Goals Soccer Schools F.C.,Plymstock & Radford,Plymstock Community College,238619,U7a,,,,,,,,1,11693910,Sunday,,,,,,,,,,,,,,,,,,,,,,,1,,
Mount Gould FC,East End,Tothill (Enclosure),81340,1st,1,,,,,,,,11026649,Saturday,,1,,,,,,,,,,,,,,,,,,,,,,,
Morley Rangers Juniors F.C.,Plymstock & Radford,Plymstock Community College,80501,U9,,,,,,,1,,11696781,Saturday,,,,,,,,,,,,,,,,1,,,,,,,,,
Morley Rangers Juniors F.C.,Plymstock & Radford,Plymstock Community College,80501,U14,,,1,,,,,,11696779,Saturday,,,,,,1,,,,,,,,,,,,,,,,,,,
Goals Soccer Schools F.C.,Plymstock & Radford,Plymstock Community College,238619,U8,,,,,,,,1,11693900,Sunday,,,,,,,,,,,,,,,,,,,,,,,1,,
Activate Youth F.C.,Eggbuckland,Eggbuckland Community School,80971,U16,,,1,,,,,,11624016,Saturday,,,,,,1,,,,,,,,,,,,,,,,,,,
Railway Beacon Youth F.C.,Devonport,Devonport Park,80632,U15,,,1,,,,,,11680021,Saturday,,,,,,1,,,,,,,,,,,,,,,,,,,
Plymouth Spurs F.C.,Estover Glenholt & Derriford East,Tor Bridge High School (Miller Way),232112,1st,1,,,,,,,,11441407,Saturday,,1,,,,,,,,,,,,,,,,,,,,,,,
Plymstock United Colts F.C.,Plympton St Maurice & Yealmpstone,Plympton St. Mary's Recreation Ground,81373,U11,,,,,1,,,,11615282,Saturday,,,,,,,,,,,1,,,,,,,,,,,,,,
Old Priory Academy F.C.,Plympton St Maurice & Yealmpstone,Old Priory Academy,238744,U9,,,,,,,1,,11696768,Saturday,,,,,,,,,,,,,,,,1,,,,,,,,,
Hedges F.C.,Plympton St Maurice & Yealmpstone,Plympton St. Mary's Recreation Ground,236668,1st,1,,,,,,,,11514316,Sunday,,,1,,,,,,,,,,,,,,,,,,,,,,
Plymouth United F.C.,Estover Glenholt & Derriford East,Tor Bridge High School (Miller Way),82008,1st,1,,,,,,,,11388136,Sunday,,,1,,,,,,,,,,,,,,,,,,,,,,
Marine Academy Plymouth Ladies F.C.,Ernesettle,Parkway Sports and Social Club Optimus Park,223696,1st,,1,,,,,,,11289946,Sunday,,,,1,,,,,,,,,,,,,,,,,,,,,
Woodford F.C.,Plympton St Maurice & Yealmpstone,Plympton St. Mary's Recreation Ground,228471,1st,1,,,,,,,,11374289,Saturday,,1,,,,,,,,,,,,,,,,,,,,,,,
AFC Plympton Youth,Plympton St Maurice & Yealmpstone,Plympton St. Mary's Recreation Ground,80475,U11,,,,,1,,,,11636264,Saturday,,,,,,,,,,,1,,,,,,,,,,,,,,
Plymouth United F.C.,Estover Glenholt & Derriford East,Tor Bridge High School (Miller Way),82008,2nd,1,,,,,,,,11403907,Sunday,,,1,,,,,,,,,,,,,,,,,,,,,,
Activate Youth F.C.,Eggbuckland,Eggbuckland Community School,80971,U12,,,,,1,,,,11664344,Saturday,,,,,,,,,,,1,,,,,,,,,,,,,,
Chaddlewood Miners Youth F.C.,Colebrook Newnham & Ridgeway,Peacock Meadow,80497,U8,,,,,,,,1,11677539,Saturday,,,,,,,,,,,,,,,,,,,,,1,,,,
Activate Youth F.C.,Eggbuckland,Eggbuckland Community School,80971,U15,,,1,,,,,,11641716,Saturday,,,,,,1,,,,,,,,,,,,,,,,,,,
Plymouth Marjon Youth F.C.,Estover Glenholt & Derriford East,Marjons,224394,U12,,,,,1,,,,11624784,Saturday,,,,,,,,,,,1,,,,,,,,,,,,,,
Activate Sunday F.C.,Eggbuckland,Eggbuckland Community School,228407,1st,1,,,,,,,,11372809,Sunday,,,1,,,,,,,,,,,,,,,,,,,,,,
Plymouth Marjon Youth F.C.,Leigham & Mainstone,Leigham Primary School,224394,U9,,,,,,,1,,11657753,Saturday,,,,,,,,,,,,,,,,1,,,,,,,,,
Activate Ladies F.C.,Eggbuckland,Eggbuckland Recreation Ground,220191,1st,,1,,,,,,,11242358,Sunday,,,,1,,,,,,,,,,,,,,,,,,,,,
Elm United Youth F.C.,Estover Glenholt & Derriford East,Tor Bridge High School (Miller Way),80651,U15,,,1,,,,,,11624781,Saturday,,,,,,1,,,,,,,,,,,,,,,,,,,
University of St Mark & St John F.C.,Estover Glenholt & Derriford East,Marjons,224521,2nd,1,,,,,,,,11695669,Wednesday,,,,,1,,,,,,,,,,,,,,,,,,,,
Devon FA Girls Centre of Excellence F.C.,Eggbuckland,Eggbuckland Community School,214077,U13,,,,1,,,,,11653345,Saturday,,,,,,1,,,,,1,,,,,,,,,,,,,,
AC Plymouth Youth F.C.,Plympton St Maurice & Yealmpstone,Plympton St. Mary's Recreation Ground,211984,U12,,,,,1,,,,11663972,Saturday,,,,,,,,,,,1,,,,,,,,,,,,,,
Elm United Youth F.C.,Estover Glenholt & Derriford East,Tor Bridge High School (Miller Way),80651,U11,,,,,1,,,,11642296,Saturday,,,,,,,,,,,1,,,,,,,,,,,,,,
City Police F.C.,Plympton St Maurice & Yealmpstone,Plympton St. Mary's Recreation Ground,80869,1st,1,,,,,,,,11024585,Wednesday,,,,,1,,,,,,,,,,,,,,,,,,,,
Stoke Harriers F.C.,Peverell & Hartley,"Central Park Playing Fields (including Sports Plateau, Tip Site, Cottage Field, Barn Park Road sites",235982,1st,1,,,,,,,,11490420,Saturday,,1,,,,,,,,,,,,,,,,,,,,,,,
Devon FA Girls Centre of Excellence F.C.,Eggbuckland,Eggbuckland Community School,214077,U11,,,,,,1,,,11652086,,,,,,,,,,,,1,,,,,,,,,,,,,,
AFC Plympton Youth,Colebrook Newnham & Ridgeway,Ridgeway School,80475,U13,,,1,,,,,,11633821,Saturday,,,,,,1,,,,,,,,,,,,,,,,,,,
Activate Youth F.C.,Eggbuckland,Eggbuckland Community School,80971,U10,,,,,,,1,,11629441,Saturday,,,,,,,,,,,,,,,,1,,,,,,,,,
Plymouth Marjon Youth F.C.,Estover Glenholt & Derriford East,Marjons,224394,U11,,,,,1,,,,11646605,Saturday,,,,,,,,,,,1,,,,,,,,,,,,,,
AFC Plympton Youth,Colebrook Newnham & Ridgeway,Ridgeway School,80475,U12,,,,,1,,,,11633756,Saturday,,,,,,,,,,,1,,,,,,,,,,,,,,
Marine Academy Plymouth Junior F.C.,St Budeaux & Kings Tamerton,Marine Academy,80629,U7,,,,,,,,1,11544942,Saturday,,,,,,,,,,,,,,,,,,,,,1,,,,
Devon FA Girls Centre of Excellence F.C.,Eggbuckland,Eggbuckland Community School,214077,U15,,,,1,,,,,11674544,Saturday,,,,,,1,,,,,1,,,,,,,,,,,,,,
Special Olympics Plymouth & District F.C.,Ham & Pennycross,All Saints Academy,233015,Second,1,,,,,,,,11694668,Sunday,,,1,,,,,,,,,,,,,,,,,,,,,,
Devon FA Girls Centre of Excellence F.C.,Eggbuckland,Eggbuckland Community School,214077,U17,,1,,,,,,,11568080,Saturday,1,,,,,,,,,,,,,,,,,,,,,,,,
Elm United Youth F.C.,Estover Glenholt & Derriford East,Tor Bridge High School (Miller Way),80651,U14,,,1,,,,,,11667926,Saturday,,,,,,1,,,,,,,,,,,,,,,,,,,
AC Plymouth Youth F.C.,Plympton St Maurice & Yealmpstone,Plympton St. Mary's Recreation Ground,211984,U15,,,1,,,,,,11648289,Saturday,,,,,,1,,,,,,,,,,,,,,,,,,,
AC Plymouth Youth F.C.,Plympton St Maurice & Yealmpstone,Plympton St. Mary's Recreation Ground,211984,U14,,,1,,,,,,11674218,Saturday,,,,,,1,,,,,,,,,,,,,,,,,,,
Weston Mill Oak Villa Junior F.C.,North Prospect & Weston Mill,Weston Mill Oak Villa,80505,U13,,,1,,,,,,11569073,Saturday,,,,,,1,,,,,,,,,,,,,,,,,,,
Old Priory Academy F.C.,Plympton St Maurice & Yealmpstone,Old Priory Academy,238744,U8,,,,,,,,1,11696649,Saturday,,,,,,,,,,,,,,,,,,,,,1,,,,
Devon FA Girls Centre of Excellence F.C.,Eggbuckland,Eggbuckland Community School,214077,U9,,,,,,,1,,11640400,Wednesday,,,,,,,,,,,,,,,,,,,,1,,,,,
Plymouth Parkway F.C.,Manadon & Widey,Plymouth Parkway FC,82678,1st,1,,,,,,,,11032811,Saturday,,1,,,,,,,,,,,,,,,,,,,,,,,
Marine Academy Plymouth Junior F.C.,St Budeaux & Kings Tamerton,Marine Academy,80629,U8a,,,,,,,,1,11599744,Saturday,,,,,,,,,,,,,,,,,,,,,1,,,,
Marine Academy Plymouth Junior F.C.,St Budeaux & Kings Tamerton,Marine Academy,80629,U7b,,,,,,,,1,11533165,Saturday,,,,,,,,,,,,,,,,,,,,,1,,,,
Barne Barton Rangers Sunday F.C.,Ernesettle,Parkway Sports and Social Club Optimus Park,81327,1st,1,,,,,,,,11026628,Sunday,,,1,,,,,,,,,,,,,,,,,,,,,,
Tamerton Foliot Youth F.C.,Tamerton Foliot,Mary Deane CofE PS,80604,U9,,,,,,,1,,11686889,Saturday,,,,,,,,,,,,,,,,1,,,,,,,,,
Tamerton Foliot Youth F.C.,Tamerton Foliot,Mary Deane CofE PS,80604,U8,,,,,,,,1,11686890,Saturday,,,,,,,,,,,,,,,,,,,,,1,,,,
Elm United Youth F.C.,Estover Glenholt & Derriford East,Tor Bridge High School (Miller Way),80651,U10,,,,,,,1,,11622396,Saturday,,,,,,,,,,,,,,,,1,,,,,,,,,
Kings Tamerton Community Association F.C.,Honicknowle,West Park Recreation Ground,80841,2nd,1,,,,,,,,11337327,Sunday,,,1,,,,,,,,,,,,,,,,,,,,,,
Arsenal Soccer Schools Plymouth Development Centre F.C.,Estover Glenholt & Derriford East,Tor Bridge High School (Miller Way),233868,U7 -U16,,,,,,,,,11674828,Monday,,,,,,,,,,,,,,,,,,,,,,,,,
Kings Tamerton Community Association F.C.,Honicknowle,West Park Recreation Ground,80841,1st,1,,,,,,,,11024556,Sunday,,,1,,,,,,,,,,,,,,,,,,,,,,
Marine Academy Plymouth Junior F.C.,St Budeaux & Kings Tamerton,Marine Academy,80629,U8b,,,,,,,,1,11601371,Saturday,,,,,,,,,,,,,,,,,,,,,1,,,,
Ernesettle DRDE Trust F.C.,Ernesettle,Parkway Sports and Social Club Optimus Park,236619,1st,1,,,,,,,,11512887,Saturday,,1,,,,,,,,,,,,,,,,,,,,,,,
Elm United Youth F.C.,Estover Glenholt & Derriford East,Tor Bridge High School (Miller Way),80651,U8,,,,,,,,1,11642024,Saturday,,,,,,,,,,,,,,,,,,,,,1,,,,
Friary Mill Youth F.C.,Plympton St Maurice & Yealmpstone,Plympton St. Mary's Recreation Ground,207704,U16,,,1,,,,,,11666174,Saturday,,,,,,1,,,,,,,,,,,,,,,,,,,
Chaddlewood Miners Old Boys FC,Plympton St Maurice & Yealmpstone,Plympton St. Mary's Recreation Ground,214472,2nd,1,,,,,,,,11290268,Saturday,,1,,,,,,,,,,,,,,,,,,,,,,,
Chaddlewood Miners Old Boys FC,Plympton St Maurice & Yealmpstone,Plympton St. Mary's Recreation Ground,214472,3rd,1,,,,,,,,11387261,Saturday,,1,,,,,,,,,,,,,,,,,,,,,,,
Chaddlewood Miners Old Boys FC,Plympton St Maurice & Yealmpstone,Plympton St. Mary's Recreation Ground,214472,1st,1,,,,,,,,11174422,Saturday,,1,,,,,,,,,,,,,,,,,,,,,,,
Barbican Pirates F.C.,Plympton St Maurice & Yealmpstone,Plympton St. Mary's Recreation Ground,236622,1st,1,,,,,,,,11512920,Sunday,,,1,,,,,,,,,,,,,,,,,,,,,,
AC Plymouth Youth F.C.,Plympton St Maurice & Yealmpstone,Plympton St. Mary's Recreation Ground,211984,U13,,,1,,,,,,11623922,Saturday,,,,,,1,,,,,,,,,,,,,,,,,,,
Weston Mill Oak Villa Junior F.C.,North Prospect & Weston Mill,Weston Mill Oak Villa,80505,U10a,,,,,,,1,,11608096,Saturday,,,,,,,,,,,,,,,,1,,,,,,,,,
Weston Mill Oak Villa Junior F.C.,North Prospect & Weston Mill,Weston Mill Oak Villa,80505,U14,,,1,,,,,,11528247,Saturday,,,,,,1,,,,,,,,,,,,,,,,,,,
Weston Mill Oak Villa Junior F.C.,North Prospect & Weston Mill,Weston Mill Oak Villa,80505,U11,,,,,1,,,,11550329,Saturday,,,,,,,,,,,1,,,,,,,,,,,,,,
Weston Mill Oak Villa Junior F.C.,North Prospect & Weston Mill,Weston Mill Oak Villa,80505,U15,,,1,,,,,,11582828,Saturday,,,,,,1,,,,,,,,,,,,,,,,,,,
Weston Mill Oak Villa Junior F.C.,North Prospect & Weston Mill,Weston Mill Oak Villa,80505,U10,,,,,,,1,,11544535,Saturday,,,,,,,,,,,,,,,,1,,,,,,,,,
Plymouth University Intramural Wednesday Football League F.C.,Peverell & Hartley,"Central Park Playing Fields (including Sports Plateau, Tip Site, Cottage Field, Barn Park Road sites",233846,Civsoc Sparrows,1,,,,,,,,11695469,Wednesday,,,,,1,,,,,,,,,,,,,,,,,,,,
Weston Mill Oak Villa Junior F.C.,North Prospect & Weston Mill,Weston Mill Oak Villa,80505,U12,,,,,1,,,,11583025,Saturday,,,,,,,,,,,1,,,,,,,,,,,,,,
Weston Mill Oak Villa Junior F.C.,North Prospect & Weston Mill,Weston Mill Oak Villa,80505,U16,,,1,,,,,,11596661,Saturday,,,,,,1,,,,,,,,,,,,,,,,,,,
Plymouth University Intramural Wednesday Football League F.C.,Peverell & Hartley,"Central Park Playing Fields (including Sports Plateau, Tip Site, Cottage Field, Barn Park Road sites",233846,UPCC FC,1,,,,,,,,11461406,Wednesday,,,,,1,,,,,,,,,,,,,,,,,,,,
Plymouth University Intramural Wednesday Football League F.C.,Peverell & Hartley,"Central Park Playing Fields (including Sports Plateau, Tip Site, Cottage Field, Barn Park Road sites",233846,Business Society,1,,,,,,,,11461409,Wednesday,,,,,1,,,,,,,,,,,,,,,,,,,,
Plymouth University Intramural Wednesday Football League F.C.,Peverell & Hartley,"Central Park Playing Fields (including Sports Plateau, Tip Site, Cottage Field, Barn Park Road sites",233846,Geogsoc Hurricanes,1,,,,,,,,11461414,Wednesday,,,,,1,,,,,,,,,,,,,,,,,,,,
Plymouth University Intramural Wednesday Football League F.C.,Peverell & Hartley,"Central Park Playing Fields (including Sports Plateau, Tip Site, Cottage Field, Barn Park Road sites",233846,UPFC Nemisis,1,,,,,,,,11461416,Wednesday,,,,,1,,,,,,,,,,,,,,,,,,,,
Plymouth University Intramural Wednesday Football League F.C.,Peverell & Hartley,"Central Park Playing Fields (including Sports Plateau, Tip Site, Cottage Field, Barn Park Road sites",233846,Geogsoc Tornadoes,1,,,,,,,,11461404,Wednesday,,,,,1,,,,,,,,,,,,,,,,,,,,
Plymouth University Intramural Wednesday Football League F.C.,Peverell & Hartley,"Central Park Playing Fields (including Sports Plateau, Tip Site, Cottage Field, Barn Park Road sites",233846,Civsoc Falcons,1,,,,,,,,11461411,Wednesday,,,,,1,,,,,,,,,,,,,,,,,,,,
Plymouth University Intramural Wednesday Football League F.C.,Peverell & Hartley,"Central Park Playing Fields (including Sports Plateau, Tip Site, Cottage Field, Barn Park Road sites",233846,Medsoc,1,,,,,,,,11695467,Wednesday,,,,,1,,,,,,,,,,,,,,,,,,,,
Plymouth University Intramural Wednesday Football League F.C.,Peverell & Hartley,"Central Park Playing Fields (including Sports Plateau, Tip Site, Cottage Field, Barn Park Road sites",233846,PLUMS FC,1,,,,,,,,11461415,Wednesday,,,,,1,,,,,,,,,,,,,,,,,,,,
Plymouth University Intramural Wednesday Football League F.C.,Peverell & Hartley,"Central Park Playing Fields (including Sports Plateau, Tip Site, Cottage Field, Barn Park Road sites",233846,UPFC Joint,1,,,,,,,,11461407,Wednesday,,,,,1,,,,,,,,,,,,,,,,,,,,
Barne Barton Junior Rangers F.C.,Barne Barton,Riverside Community Primary School (Estuary Way),235387,U12,,,,,1,,,,11570901,Saturday,,,,,,,,,,,1,,,,,,,,,,,,,,
Barne Barton Junior Rangers F.C.,Barne Barton,Riverside Community Primary School (Estuary Way),235387,U10,,,,,,,1,,11615273,Saturday,,,,,,,,,,,,,,,,1,,,,,,,,,
YMCA All Saints F.C.,Ham & Pennycross,All Saints Academy,149030,U11 Girls,,,,,,1,,,11573028,Saturday,,,,,,,,,,,1,,,,,,,,,,,,,,
Marine Academy Plymouth Junior F.C.,St Budeaux & Kings Tamerton,Marine Academy,80629,U8,,,,,,,,1,11544941,Saturday,,,,,,,,,,,,,,,,,,,,,1,,,,
Marine Academy Plymouth Kings F.C.,St Budeaux & Kings Tamerton,Marine Academy,82339,U10 Kolts,,,,,,,1,,11634811,Saturday,,,,,,,,,,,,,,,,1,,,,,,,,,
Marine Academy Plymouth Kings F.C.,St Budeaux & Kings Tamerton,Marine Academy,82339,U16,,,1,,,,,,11657752,Saturday,,,,,,1,,,,,,,,,,,,,,,,,,,
Marine Academy Plymouth Kings F.C.,St Budeaux & Kings Tamerton,Marine Academy,82339,U12,,,,,1,,,,11654535,Saturday,,,,,,,,,,,1,,,,,,,,,,,,,,
Marine Academy Plymouth Junior F.C.,St Budeaux & Kings Tamerton,Marine Academy,80629,U11,,,,,1,,,,11622703,Saturday,,,,,,,,,,,1,,,,,,,,,,,,,,
Marine Academy Plymouth Junior F.C.,St Budeaux & Kings Tamerton,Marine Academy,80629,U13,,,1,,,,,,11655115,Saturday,,,,,,1,,,,,,,,,,,,,,,,,,,
Marine Academy Plymouth Kings F.C.,St Budeaux & Kings Tamerton,Marine Academy,82339,U14,,,1,,,,,,11660563,Saturday,,,,,,1,,,,,,,,,,,,,,,,,,,
Special Olympics Plymouth & District F.C.,Ham & Pennycross,All Saints Academy,233015,First,1,,,,,,,,11454175,Saturday,,1,,,,,,,,,,,,,,,,,,,,,,,
Marine Academy Plymouth Junior F.C.,St Budeaux & Kings Tamerton,Marine Academy,80629,U13a Girls,,,,1,,,,,11605987,Saturday,,,,,,1,,,,,1,,,,,,,,,,,,,,
Marine Academy Plymouth Kings F.C.,St Budeaux & Kings Tamerton,Marine Academy,82339,U10,,,,,,,1,,11663223,Saturday,,,,,,,,,,,,,,,,1,,,,,,,,,
Marine Academy Plymouth Junior F.C.,St Budeaux & Kings Tamerton,Marine Academy,80629,U13b Girls,,,,1,,,,,11643123,Saturday,,,,,,1,,,,,1,,,,,,,,,,,,,,
Marine Academy Plymouth Kings F.C.,St Budeaux & Kings Tamerton,Marine Academy,82339,U13,,,1,,,,,,11675913,Saturday,,,,,,1,,,,,,,,,,,,,,,,,,,
Marine Academy Plymouth Kings F.C.,St Budeaux & Kings Tamerton,Marine Academy,82339,U15,,,1,,,,,,11682383,Saturday,,,,,,1,,,,,,,,,,,,,,,,,,,
Marine Academy Plymouth Junior F.C.,St Budeaux & Kings Tamerton,Marine Academy,80629,U9,,,,,,,1,,11621829,Saturday,,,,,,,,,,,,,,,,1,,,,,,,,,
Marine Academy Plymouth Junior F.C.,St Budeaux & Kings Tamerton,Marine Academy,80629,U7a,,,,,,,,1,11558580,Saturday,,,,,,,,,,,,,,,,,,,,,1,,,,
Marine Academy Plymouth Kings F.C.,St Budeaux & Kings Tamerton,Marine Academy,82339,U11,,,,,1,,,,11660295,Saturday,,,,,,,,,,,1,,,,,,,,,,,,,,
Marine Academy Plymouth Kings F.C.,St Budeaux & Kings Tamerton,Marine Academy,82339,U9,,,,,,,1,,11633131,Saturday,,,,,,,,,,,,,,,,1,,,,,,,,,
Marine Academy Plymouth Junior F.C.,St Budeaux & Kings Tamerton,Marine Academy,80629,U11 Girls,,,,,,1,,,11631973,Saturday,,,,,,,,,,,1,,,,,,,,,,,,,,
Plymouth Argyle FC ,Beacon Park,Central Park (Harpers Park),80405,1st,1,,,,,,,,11113636,Saturday,,1,,,,,,,,,,,,,,,,,,,,,,,
Plymouth Argyle FITDC F.C.,Beacon Park,Central Park (Harpers Park),147087, Ladies,,1,,,,,,,11693340,Sunday,,,,1,,,,,,,,,,,,,,,,,,,,,
Plymouth Argyle FITDC F.C.,Beacon Park,Central Park (Harpers Park),147087,Plymouth Argyle U16,,,1,,,,,,11638138,Sunday,,,,,,,,,,,,,,,,,,,,,,,,,
Plymouth Argyle FITDC F.C.,Beacon Park,Central Park (Harpers Park),147087,2nd Plymouth Pilgrims,1,,,,,,,,11693337,Sunday,,,1,,,,,,,,,,,,,,,,,,,,,,
Devon  Disability Player Development Centre F.C.,Beacon Park,Central Park (Harpers Park),219256,U16,,,,,,,,,11541155,Monday,,,,,,,,,,,,,,,,,,,,,,,,,
Plymouth Argyle FITDC F.C.,Beacon Park,Central Park (Harpers Park),147087,1st Plymouth Argyle,1,,,,,,,,11693336,Sunday,,,1,,,,,,,,,,,,,,,,,,,,,,
Plymouth Argyle FITDC F.C.,Beacon Park,Central Park (Harpers Park),147087,4th Plymouth Argyle,1,,,,,,,,11693339,Sunday,,,1,,,,,,,,,,,,,,,,,,,,,,
Plymouth Argyle FITDC F.C.,Beacon Park,Central Park (Harpers Park),147087,3rds Plymouth Argyle,1,,,,,,,,11693338,Sunday,,,1,,,,,,,,,,,,,,,,,,,,,,
Plymouth Argyle FITDC F.C.,Beacon Park,Central Park (Harpers Park),147087,Plymouth Argyle U12,,,,,1,,,,11682240,Sunday,,,,,,,,,,,,,,,,,,,,,,,,,
